{"accepted_cost_instance_1": 0.27235714285714285, "iter_instance_1": 999, "_timestamp": 1669460543.439137, "_runtime": 105.01099395751953, "_step": 7999, "accepted_cost_instance_0": 0.2053375, "iter_instance_0": 999, "accepted_cost_instance_2": 0.19488571428571427, "iter_instance_2": 999, "accepted_cost_instance_3": 1.223792857142857, "iter_instance_3": 999, "accepted_cost_instance_4": 0.3648642857142857, "iter_instance_4": 999, "accepted_cost_instance_5": 0.2925017857142857, "iter_instance_5": 999, "accepted_cost_instance_6": 0.18861785714285717, "iter_instance_6": 999, "accepted_cost_instance_7": 0.19723392857142857, "iter_instance_7": 999, "_wandb": {"runtime": 104}}