{"cost_instance_0": 2.054932142857143, "iter_instance_0": 99, "_timestamp": 1669458342.7754781, "_runtime": 13.080170154571533, "_step": 801, "accepted_cost_instance_0": 2.054932142857143, "cost_instance_1": 2.043614285714286, "iter_instance_1": 99, "accepted_cost_instance_1": 1.5789005952380952, "cost_instance_2": 2.0841982142857143, "iter_instance_2": 99, "accepted_cost_instance_2": 0.21666249999999998, "cost_instance_3": 1.5103184523809523, "iter_instance_3": 99, "accepted_cost_instance_3": 1.5103184523809523, "datalog_cost_table": {"_type": "table-file", "sha256": "9a8460aa8ba2c30b12b499ed0dde35c211c6523e0e7a620c7328a3a24c125c74", "size": 14140, "artifact_path": "wandb-client-artifact://bscsygut25l7vqpauo39ojjm12puayl37lf7hszn0t5dgzsyzeqdicnu5cuj0n08emfnfxfvsmcy2c86aqltrccz3pcs1qaa3ipu2l3r9nwp8mfdtk5avpbm2c6in46y:latest/datalog_cost_table.table.json", "_latest_artifact_path": "wandb-client-artifact://bscsygut25l7vqpauo39ojjm12puayl37lf7hszn0t5dgzsyzeqdicnu5cuj0n08emfnfxfvsmcy2c86aqltrccz3pcs1qaa3ipu2l3r9nwp8mfdtk5avpbm2c6in46y:latest/datalog_cost_table.table.json", "path": "media/table/datalog_cost_table_0_9a8460aa8ba2c30b12b4.table.json", "ncols": 3, "nrows": 400}, "datalog_accepted_cost_table": {"_type": "table-file", "sha256": "93177617e7a0b19c22915f93ab28d96306900611c914260ae25d6cd67448721e", "size": 14162, "artifact_path": "wandb-client-artifact://12rqk26zwa2una03rjtpblwy6su21x26uqi63ek8yemfvdvzrm30234s0bu23zdjagrhn6i35aiuhl5x82yrfa39nnj1d6ok2tdjyl5o4gtpisninoc33u55nl80fivs:latest/datalog_accepted_cost_table.table.json", "_latest_artifact_path": "wandb-client-artifact://12rqk26zwa2una03rjtpblwy6su21x26uqi63ek8yemfvdvzrm30234s0bu23zdjagrhn6i35aiuhl5x82yrfa39nnj1d6ok2tdjyl5o4gtpisninoc33u55nl80fivs:latest/datalog_accepted_cost_table.table.json", "path": "media/table/datalog_accepted_cost_table_1_93177617e7a0b19c2291.table.json", "ncols": 3, "nrows": 400}, "_wandb": {"runtime": 17}}