{"cost_instance_0": 2.1020214285714287, "_timestamp": 1669454831.1896331, "_runtime": 4.743455171585083, "_step": 117, "accepted_cost_instance_0": 0.21616607142857142, "_wandb": {"runtime": 10}}