{"cost_instance_0": 2.050980357142857, "_timestamp": 1669455407.902564, "_runtime": 8.701172113418579, "_step": 399, "accepted_cost_instance_0": 0.22317857142857145, "cost_instance_1": 1.3928214285714287, "accepted_cost_instance_1": 1.3037761904761906, "_wandb": {"runtime": 11}}