{"cost_instance_0": 1.5050035714285714, "_timestamp": 1669454565.2713134, "_runtime": 5.199854373931885, "_step": 118, "accepted_cost_instance_0": 0.22126785714285713, "_wandb": {"runtime": 8}}