{"accepted_cost_instance_1": 0.2596, "iter_instance_1": 999, "_timestamp": 1669458747.0061166, "_runtime": 87.98786664009094, "_step": 8000, "accepted_cost_instance_2": 0.19209642857142856, "iter_instance_2": 999, "accepted_cost_instance_0": 0.20000357142857145, "iter_instance_0": 999, "accepted_cost_instance_3": 0.18909107142857143, "iter_instance_3": 999, "accepted_cost_instance_4": 0.19383571428571428, "iter_instance_4": 999, "accepted_cost_instance_6": 0.20988035714285713, "iter_instance_6": 999, "accepted_cost_instance_5": 0.20797500000000002, "iter_instance_5": 999, "accepted_cost_instance_7": 0.2247910714285714, "iter_instance_7": 999, "datalog_accepted_cost_table": {"_type": "table-file", "sha256": "8fa8e80e760b356d87293c38b03d529b6b04f745af45756b9e2612b4e55c22a3", "size": 295723, "artifact_path": "wandb-client-artifact://fjza2wpjfbnjuzvudnjopug9veah06eifdl8maoogw54vn8qudsywo9f9u27c8ihjqr7q7m430gt28ucxczqcxg69uxfw45maye8v2kelhcy9ehe3sk2nd440u5cd2zf:latest/datalog_accepted_cost_table.table.json", "_latest_artifact_path": "wandb-client-artifact://fjza2wpjfbnjuzvudnjopug9veah06eifdl8maoogw54vn8qudsywo9f9u27c8ihjqr7q7m430gt28ucxczqcxg69uxfw45maye8v2kelhcy9ehe3sk2nd440u5cd2zf:latest/datalog_accepted_cost_table.table.json", "path": "media/table/datalog_accepted_cost_table_0_8fa8e80e760b356d8729.table.json", "ncols": 3, "nrows": 8000}, "_wandb": {"runtime": 116}}