{"cost_instance_0": 1.6210357142857146, "iter_instance_0": 99, "_timestamp": 1669456835.5676274, "_runtime": 10.247003316879272, "_step": 400, "accepted_cost_instance_0": 1.628854761904762, "cost_instance_1": 2.3276922619047618, "iter_instance_1": 99, "accepted_cost_instance_1": 0.3147107142857143, "datalog_table": {"_type": "table-file", "sha256": "bc0bc24c480e0c83e1125070ca384cda520e3bc0d93d520e1712197ef28af5b4", "size": 7044, "artifact_path": "wandb-client-artifact://11u1s4xg2t40pzj23kmbwvfyzwcejt010kjvqlluhekx62x8mx9ezkfmviw4hnjf1ug2f4u8nsh9r0qgixzc0cvl9do8r1w6vo7n88y23g64kpcsf6yyztwiwm1r5xpe:latest/datalog_table.table.json", "_latest_artifact_path": "wandb-client-artifact://11u1s4xg2t40pzj23kmbwvfyzwcejt010kjvqlluhekx62x8mx9ezkfmviw4hnjf1ug2f4u8nsh9r0qgixzc0cvl9do8r1w6vo7n88y23g64kpcsf6yyztwiwm1r5xpe:latest/datalog_table.table.json", "path": "media/table/datalog_table_400_bc0bc24c480e0c83e112.table.json", "ncols": 3, "nrows": 200}, "_wandb": {"runtime": 12}}