{"cost_instance_0": 2.118102380952381, "_timestamp": 1669454864.3969069, "_runtime": 9.070335865020752, "_step": 271, "accepted_cost_instance_0": 0.21859642857142858, "cost_instance_1": 1.961826785714286, "accepted_cost_instance_1": 1.7906232142857141, "_wandb": {"runtime": 13}}