{"accepted_cost_instance_0": 1.6591642857142856, "iter_instance_0": 99, "_timestamp": 1669458508.487361, "_runtime": 18.93192195892334, "_step": 970, "accepted_cost_instance_1": 0.25991071428571433, "iter_instance_1": 99, "accepted_cost_instance_2": 1.4040488095238095, "iter_instance_2": 99, "accepted_cost_instance_5": 0.2096142857142857, "iter_instance_5": 99, "accepted_cost_instance_3": 0.22246785714285716, "iter_instance_3": 99, "accepted_cost_instance_4": 1.757677380952381, "iter_instance_4": 99, "accepted_cost_instance_6": 0.22056607142857143, "iter_instance_6": 99, "accepted_cost_instance_7": 1.9211392857142857, "iter_instance_7": 99, "accepted_cost_instance_8": 1.4485934523809523, "iter_instance_8": 32, "accepted_cost_instance_9": 1.4618880952380953, "iter_instance_9": 23, "accepted_cost_instance_10": 2.076216071428571, "iter_instance_10": 24, "accepted_cost_instance_11": 2.016167857142857, "iter_instance_11": 24, "accepted_cost_instance_12": 1.6038410714285714, "iter_instance_12": 28, "accepted_cost_instance_13": 0.22255000000000003, "iter_instance_13": 24, "accepted_cost_instance_15": 1.4975559523809525, "iter_instance_15": 9, "_wandb": {"runtime": 18}}