{"accepted_cost_instance_0": 0.21542857142857144, "iter_instance_0": 100, "_timestamp": 1669480035.5280924, "_runtime": 105.24728441238403, "_step": 200, "accepted_cost_instance_1": 0.21299107142857143, "iter_instance_1": 100, "datalog_accepted_cost_table": {"_type": "table-file", "sha256": "61380dd5081afb418f4156759d9f699f6dd19c384ae1fc72a2523c1eb11d8042", "size": 7505, "artifact_path": "wandb-client-artifact://146elqnuqoaauqbhc5cz1sjd28v40up8wrelv2o9bzu8gj2tp8jmrcxx62kz5udm4ffbs5kpk3ban8n95gi4x0qgpbsnns5gj7b0z3vqaxfs3j1tl68kmnicjt338b8k:latest/datalog_accepted_cost_table.table.json", "_latest_artifact_path": "wandb-client-artifact://146elqnuqoaauqbhc5cz1sjd28v40up8wrelv2o9bzu8gj2tp8jmrcxx62kz5udm4ffbs5kpk3ban8n95gi4x0qgpbsnns5gj7b0z3vqaxfs3j1tl68kmnicjt338b8k:latest/datalog_accepted_cost_table.table.json", "path": "media/table/datalog_accepted_cost_table_200_61380dd5081afb418f41.table.json", "ncols": 3, "nrows": 202}, "_wandb": {"runtime": 115}}